MID;URL
M86001867;https://resolver.kb.nl/resolve?urn=EuropeanaTravel:131H26:304a
M86001866;https://resolver.kb.nl/resolve?urn=EuropeanaTravel:131H26:303
M86001861;https://resolver.kb.nl/resolve?urn=EuropeanaTravel:131H26:301
M86001859;https://resolver.kb.nl/resolve?urn=EuropeanaTravel:131H26:299
M86001855;https://resolver.kb.nl/resolve?urn=EuropeanaTravel:131H26:298
M86001852;https://resolver.kb.nl/resolve?urn=EuropeanaTravel:131H26:297
M86001849;https://resolver.kb.nl/resolve?urn=EuropeanaTravel:131H26:295
M86001848;https://resolver.kb.nl/resolve?urn=EuropeanaTravel:131H26:291
M86001844;https://resolver.kb.nl/resolve?urn=EuropeanaTravel:131H26:289
M86001841;https://resolver.kb.nl/resolve?urn=EuropeanaTravel:131H26:287
M86001838;https://resolver.kb.nl/resolve?urn=EuropeanaTravel:131H26:285
M86001834;https://resolver.kb.nl/resolve?urn=EuropeanaTravel:131H26:283
M86001831;https://resolver.kb.nl/resolve?urn=EuropeanaTravel:131H26:282
M86001829;https://resolver.kb.nl/resolve?urn=EuropeanaTravel:131H26:279
M86001827;https://resolver.kb.nl/resolve?urn=EuropeanaTravel:131H26:278
M86001824;https://resolver.kb.nl/resolve?urn=EuropeanaTravel:131H26:277
M86001821;https://resolver.kb.nl/resolve?urn=EuropeanaTravel:131H26:276
M86001817;https://resolver.kb.nl/resolve?urn=EuropeanaTravel:131H26:275
M86001814;https://resolver.kb.nl/resolve?urn=EuropeanaTravel:131H26:273
M86001812;https://resolver.kb.nl/resolve?urn=EuropeanaTravel:131H26:272
M86001810;https://resolver.kb.nl/resolve?urn=EuropeanaTravel:131H26:271
M86001809;https://resolver.kb.nl/resolve?urn=EuropeanaTravel:131H26:270
M86001807;https://resolver.kb.nl/resolve?urn=EuropeanaTravel:131H26:269
M86001806;https://resolver.kb.nl/resolve?urn=EuropeanaTravel:131H26:267
M86001802;https://resolver.kb.nl/resolve?urn=EuropeanaTravel:131H26:266b
M86001799;https://resolver.kb.nl/resolve?urn=EuropeanaTravel:131H26:265
M86001796;https://resolver.kb.nl/resolve?urn=EuropeanaTravel:131H26:264
M86001795;https://resolver.kb.nl/resolve?urn=EuropeanaTravel:131H26:263
M86001792;https://resolver.kb.nl/resolve?urn=EuropeanaTravel:131H26:261
M86001791;https://resolver.kb.nl/resolve?urn=EuropeanaTravel:131H26:260
M86001788;https://resolver.kb.nl/resolve?urn=EuropeanaTravel:131H26:259
M86001786;https://resolver.kb.nl/resolve?urn=EuropeanaTravel:131H26:258
M86001784;https://resolver.kb.nl/resolve?urn=EuropeanaTravel:131H26:257
M86001782;https://resolver.kb.nl/resolve?urn=EuropeanaTravel:131H26:255
M86001781;https://resolver.kb.nl/resolve?urn=EuropeanaTravel:131H26:254c
M86001774;https://resolver.kb.nl/resolve?urn=EuropeanaTravel:131H26:254b
M86001768;https://resolver.kb.nl/resolve?urn=EuropeanaTravel:131H26:254a
M86001762;https://resolver.kb.nl/resolve?urn=EuropeanaTravel:131H26:253
M86001757;https://resolver.kb.nl/resolve?urn=EuropeanaTravel:131H26:252
M86001751;https://resolver.kb.nl/resolve?urn=EuropeanaTravel:131H26:251
M28830596;https://resolver.kb.nl/resolve?urn=EuropeanaTravel:131H26:249
M86270606;https://resolver.kb.nl/resolve?urn=EuropeanaTravel:131H26:248
M86266279;https://resolver.kb.nl/resolve?urn=EuropeanaTravel:131H26:246
M85999985;https://resolver.kb.nl/resolve?urn=EuropeanaTravel:131H26:245
M85999984;https://resolver.kb.nl/resolve?urn=EuropeanaTravel:131H26:243
M85999976;https://resolver.kb.nl/resolve?urn=EuropeanaTravel:131H26:242
M85999975;https://resolver.kb.nl/resolve?urn=EuropeanaTravel:131H26:241
M85999973;https://resolver.kb.nl/resolve?urn=EuropeanaTravel:131H26:240
M85999972;https://resolver.kb.nl/resolve?urn=EuropeanaTravel:131H26:239
M85999969;https://resolver.kb.nl/resolve?urn=EuropeanaTravel:131H26:238
M85999964;https://resolver.kb.nl/resolve?urn=EuropeanaTravel:131H26:237
M85999957;https://resolver.kb.nl/resolve?urn=EuropeanaTravel:131H26:236
M85999955;https://resolver.kb.nl/resolve?urn=EuropeanaTravel:131H26:235
M85999952;https://resolver.kb.nl/resolve?urn=EuropeanaTravel:131H26:233
M85999950;https://resolver.kb.nl/resolve?urn=EuropeanaTravel:131H26:232
M85963084;https://resolver.kb.nl/resolve?urn=EuropeanaTravel:131H26:231
M85963082;https://resolver.kb.nl/resolve?urn=EuropeanaTravel:131H26:230
M85963080;https://resolver.kb.nl/resolve?urn=EuropeanaTravel:131H26:229
M85963079;https://resolver.kb.nl/resolve?urn=EuropeanaTravel:131H26:228
M85963076;https://resolver.kb.nl/resolve?urn=EuropeanaTravel:131H26:227
M85963070;https://resolver.kb.nl/resolve?urn=EuropeanaTravel:131H26:226
M85963067;https://resolver.kb.nl/resolve?urn=EuropeanaTravel:131H26:225
M85963064;https://resolver.kb.nl/resolve?urn=EuropeanaTravel:131H26:224
M85963061;https://resolver.kb.nl/resolve?urn=EuropeanaTravel:131H26:223
M85963059;https://resolver.kb.nl/resolve?urn=EuropeanaTravel:131H26:222
M85963055;https://resolver.kb.nl/resolve?urn=EuropeanaTravel:131H26:221
M85963053;https://resolver.kb.nl/resolve?urn=EuropeanaTravel:131H26:220
M85963051;https://resolver.kb.nl/resolve?urn=EuropeanaTravel:131H26:219
M85963049;https://resolver.kb.nl/resolve?urn=EuropeanaTravel:131H26:218
M85963047;https://resolver.kb.nl/resolve?urn=EuropeanaTravel:131H26:217
M85963046;https://resolver.kb.nl/resolve?urn=EuropeanaTravel:131H26:216
M85963037;https://resolver.kb.nl/resolve?urn=EuropeanaTravel:131H26:212
M85963034;https://resolver.kb.nl/resolve?urn=EuropeanaTravel:131H26:211
M85963032;https://resolver.kb.nl/resolve?urn=EuropeanaTravel:131H26:210
M85894704;https://resolver.kb.nl/resolve?urn=EuropeanaTravel:131H26:209
M86267253;https://resolver.kb.nl/resolve?urn=EuropeanaTravel:131H26:207
M85963029;https://resolver.kb.nl/resolve?urn=EuropeanaTravel:131H26:206
M85963025;https://resolver.kb.nl/resolve?urn=EuropeanaTravel:131H26:205
M85963021;https://resolver.kb.nl/resolve?urn=EuropeanaTravel:131H26:203
M85963019;https://resolver.kb.nl/resolve?urn=EuropeanaTravel:131H26:202
M85963015;https://resolver.kb.nl/resolve?urn=EuropeanaTravel:131H26:201
M85963012;https://resolver.kb.nl/resolve?urn=EuropeanaTravel:131H26:199
M85963009;https://resolver.kb.nl/resolve?urn=EuropeanaTravel:131H26:198
M85961158;https://resolver.kb.nl/resolve?urn=EuropeanaTravel:131H26:197
M85961156;https://resolver.kb.nl/resolve?urn=EuropeanaTravel:131H26:196
M85961152;https://resolver.kb.nl/resolve?urn=EuropeanaTravel:131H26:195
M85961149;https://resolver.kb.nl/resolve?urn=EuropeanaTravel:131H26:193
M85961146;https://resolver.kb.nl/resolve?urn=EuropeanaTravel:131H26:192
M85961143;https://resolver.kb.nl/resolve?urn=EuropeanaTravel:131H26:191
M85961139;https://resolver.kb.nl/resolve?urn=EuropeanaTravel:131H26:190
M85961136;https://resolver.kb.nl/resolve?urn=EuropeanaTravel:131H26:189
M85961134;https://resolver.kb.nl/resolve?urn=EuropeanaTravel:131H26:187
M85961129;https://resolver.kb.nl/resolve?urn=EuropeanaTravel:131H26:186
M85961102;https://resolver.kb.nl/resolve?urn=EuropeanaTravel:131H26:184
M85961124;https://resolver.kb.nl/resolve?urn=EuropeanaTravel:131H26:183
M85961119;https://resolver.kb.nl/resolve?urn=EuropeanaTravel:131H26:182
M85961117;https://resolver.kb.nl/resolve?urn=EuropeanaTravel:131H26:181
M85961115;https://resolver.kb.nl/resolve?urn=EuropeanaTravel:131H26:180
M85961113;https://resolver.kb.nl/resolve?urn=EuropeanaTravel:131H26:179
M85961112;https://resolver.kb.nl/resolve?urn=EuropeanaTravel:131H26:178
M85961110;https://resolver.kb.nl/resolve?urn=EuropeanaTravel:131H26:177
M85961107;https://resolver.kb.nl/resolve?urn=EuropeanaTravel:131H26:175
M86267256;https://resolver.kb.nl/resolve?urn=EuropeanaTravel:131H26:171
M85961096;https://resolver.kb.nl/resolve?urn=EuropeanaTravel:131H26:169
M85961095;https://resolver.kb.nl/resolve?urn=EuropeanaTravel:131H26:167
M85961093;https://resolver.kb.nl/resolve?urn=EuropeanaTravel:131H26:165
M85961092;https://resolver.kb.nl/resolve?urn=EuropeanaTravel:131H26:163
M85961090;https://resolver.kb.nl/resolve?urn=EuropeanaTravel:131H26:162
M85959519;https://resolver.kb.nl/resolve?urn=EuropeanaTravel:131H26:160
M85959517;https://resolver.kb.nl/resolve?urn=EuropeanaTravel:131H26:159
M85959512;https://resolver.kb.nl/resolve?urn=EuropeanaTravel:131H26:157
M86267744;https://resolver.kb.nl/resolve?urn=EuropeanaTravel:131H26:155
M85959510;https://resolver.kb.nl/resolve?urn=EuropeanaTravel:131H26:154
M85959509;https://resolver.kb.nl/resolve?urn=EuropeanaTravel:131H26:153
M85959506;https://resolver.kb.nl/resolve?urn=EuropeanaTravel:131H26:152
M85959503;https://resolver.kb.nl/resolve?urn=EuropeanaTravel:131H26:151
M85959502;https://resolver.kb.nl/resolve?urn=EuropeanaTravel:131H26:149
M85959500;https://resolver.kb.nl/resolve?urn=EuropeanaTravel:131H26:147
M85959498;https://resolver.kb.nl/resolve?urn=EuropeanaTravel:131H26:146
M85959494;https://resolver.kb.nl/resolve?urn=EuropeanaTravel:131H26:145
M85959492;https://resolver.kb.nl/resolve?urn=EuropeanaTravel:131H26:144
M85959489;https://resolver.kb.nl/resolve?urn=EuropeanaTravel:131H26:143
M85959488;https://resolver.kb.nl/resolve?urn=EuropeanaTravel:131H26:142
M85959485;https://resolver.kb.nl/resolve?urn=EuropeanaTravel:131H26:141
M85959482;https://resolver.kb.nl/resolve?urn=EuropeanaTravel:131H26:139
M85959480;https://resolver.kb.nl/resolve?urn=EuropeanaTravel:131H26:138
M85959475;https://resolver.kb.nl/resolve?urn=EuropeanaTravel:131H26:137
M85959470;https://resolver.kb.nl/resolve?urn=EuropeanaTravel:131H26:133
M85959467;https://resolver.kb.nl/resolve?urn=EuropeanaTravel:131H26:132
M85959465;https://resolver.kb.nl/resolve?urn=EuropeanaTravel:131H26:131
M85959462;https://resolver.kb.nl/resolve?urn=EuropeanaTravel:131H26:129
M85959459;https://resolver.kb.nl/resolve?urn=EuropeanaTravel:131H26:127
M85959456;https://resolver.kb.nl/resolve?urn=EuropeanaTravel:131H26:126
M85959452;https://resolver.kb.nl/resolve?urn=EuropeanaTravel:131H26:125
M85959448;https://resolver.kb.nl/resolve?urn=EuropeanaTravel:131H26:124
M85959446;https://resolver.kb.nl/resolve?urn=EuropeanaTravel:131H26:123
M85958814;https://resolver.kb.nl/resolve?urn=EuropeanaTravel:131H26:121
M85958811;https://resolver.kb.nl/resolve?urn=EuropeanaTravel:131H26:120
M85958808;https://resolver.kb.nl/resolve?urn=EuropeanaTravel:131H26:119
M85958806;https://resolver.kb.nl/resolve?urn=EuropeanaTravel:131H26:118
M85958804;https://resolver.kb.nl/resolve?urn=EuropeanaTravel:131H26:117
M85958801;https://resolver.kb.nl/resolve?urn=EuropeanaTravel:131H26:116
M85958797;https://resolver.kb.nl/resolve?urn=EuropeanaTravel:131H26:115
M85958795;https://resolver.kb.nl/resolve?urn=EuropeanaTravel:131H26:114
M85958792;https://resolver.kb.nl/resolve?urn=EuropeanaTravel:131H26:113
M85958790;https://resolver.kb.nl/resolve?urn=EuropeanaTravel:131H26:112
M85958787;https://resolver.kb.nl/resolve?urn=EuropeanaTravel:131H26:111
M85958783;https://resolver.kb.nl/resolve?urn=EuropeanaTravel:131H26:109
M85958780;https://resolver.kb.nl/resolve?urn=EuropeanaTravel:131H26:107
M85958776;https://resolver.kb.nl/resolve?urn=EuropeanaTravel:131H26:105
M85958775;https://resolver.kb.nl/resolve?urn=EuropeanaTravel:131H26:103
M85958773;https://resolver.kb.nl/resolve?urn=EuropeanaTravel:131H26:102
M85958770;https://resolver.kb.nl/resolve?urn=EuropeanaTravel:131H26:101
M85958767;https://resolver.kb.nl/resolve?urn=EuropeanaTravel:131H26:099
M85958764;https://resolver.kb.nl/resolve?urn=EuropeanaTravel:131H26:098
M85958762;https://resolver.kb.nl/resolve?urn=EuropeanaTravel:131H26:095
M85958761;https://resolver.kb.nl/resolve?urn=EuropeanaTravel:131H26:094
M85958759;https://resolver.kb.nl/resolve?urn=EuropeanaTravel:131H26:093a
M85900243;https://resolver.kb.nl/resolve?urn=EuropeanaTravel:131H26:093
M85900242;https://resolver.kb.nl/resolve?urn=EuropeanaTravel:131H26:091
M85900240;https://resolver.kb.nl/resolve?urn=EuropeanaTravel:131H26:090
M85900239;https://resolver.kb.nl/resolve?urn=EuropeanaTravel:131H26:089
M85900237;https://resolver.kb.nl/resolve?urn=EuropeanaTravel:131H26:087
M85900235;https://resolver.kb.nl/resolve?urn=EuropeanaTravel:131H26:085
M85900233;https://resolver.kb.nl/resolve?urn=EuropeanaTravel:131H26:083
M85900232;https://resolver.kb.nl/resolve?urn=EuropeanaTravel:131H26:081
M85900229;https://resolver.kb.nl/resolve?urn=EuropeanaTravel:131H26:079
M85900228;https://resolver.kb.nl/resolve?urn=EuropeanaTravel:131H26:078
M85900227;https://resolver.kb.nl/resolve?urn=EuropeanaTravel:131H26:077
M85900226;https://resolver.kb.nl/resolve?urn=EuropeanaTravel:131H26:076
M85900224;https://resolver.kb.nl/resolve?urn=EuropeanaTravel:131H26:075
M85900223;https://resolver.kb.nl/resolve?urn=EuropeanaTravel:131H26:073
M85900215;https://resolver.kb.nl/resolve?urn=EuropeanaTravel:131H26:072
M85896376;https://resolver.kb.nl/resolve?urn=EuropeanaTravel:131H26:071
M85896375;https://resolver.kb.nl/resolve?urn=EuropeanaTravel:131H26:070
M85896372;https://resolver.kb.nl/resolve?urn=EuropeanaTravel:131H26:068
M85896369;https://resolver.kb.nl/resolve?urn=EuropeanaTravel:131H26:067
M85895742;https://resolver.kb.nl/resolve?urn=EuropeanaTravel:131H26:066
M86267747;https://resolver.kb.nl/resolve?urn=EuropeanaTravel:131H26:065
M85895741;https://resolver.kb.nl/resolve?urn=EuropeanaTravel:131H26:064
M85895740;https://resolver.kb.nl/resolve?urn=EuropeanaTravel:131H26:063
M85895739;https://resolver.kb.nl/resolve?urn=EuropeanaTravel:131H26:060
M85895737;https://resolver.kb.nl/resolve?urn=EuropeanaTravel:131H26:057b
M85895734;https://resolver.kb.nl/resolve?urn=EuropeanaTravel:131H26:057a
M85895732;https://resolver.kb.nl/resolve?urn=EuropeanaTravel:131H26:057
M86266286;https://resolver.kb.nl/resolve?urn=EuropeanaTravel:131H26:056
M86266281;https://resolver.kb.nl/resolve?urn=EuropeanaTravel:131H26:055
M85895730;https://resolver.kb.nl/resolve?urn=EuropeanaTravel:131H26:053
M85895728;https://resolver.kb.nl/resolve?urn=EuropeanaTravel:131H26:051
M85895726;https://resolver.kb.nl/resolve?urn=EuropeanaTravel:131H26:050
M85895723;https://resolver.kb.nl/resolve?urn=EuropeanaTravel:131H26:049
M85895720;https://resolver.kb.nl/resolve?urn=EuropeanaTravel:131H26:048
M85895719;https://resolver.kb.nl/resolve?urn=EuropeanaTravel:131H26:047
M85895718;https://resolver.kb.nl/resolve?urn=EuropeanaTravel:131H26:045
M85895716;https://resolver.kb.nl/resolve?urn=EuropeanaTravel:131H26:043
M85895714;https://resolver.kb.nl/resolve?urn=EuropeanaTravel:131H26:041
M85895711;https://resolver.kb.nl/resolve?urn=EuropeanaTravel:131H26:039
M85894703;https://resolver.kb.nl/resolve?urn=EuropeanaTravel:131H26:038
M85894702;https://resolver.kb.nl/resolve?urn=EuropeanaTravel:131H26:037
M85894700;https://resolver.kb.nl/resolve?urn=EuropeanaTravel:131H26:036
M85894699;https://resolver.kb.nl/resolve?urn=EuropeanaTravel:131H26:035
M85894695;https://resolver.kb.nl/resolve?urn=EuropeanaTravel:131H26:033
M85894693;https://resolver.kb.nl/resolve?urn=EuropeanaTravel:131H26:032
M85894692;https://resolver.kb.nl/resolve?urn=EuropeanaTravel:131H26:031
M85894690;https://resolver.kb.nl/resolve?urn=EuropeanaTravel:131H26:030
M85894688;https://resolver.kb.nl/resolve?urn=EuropeanaTravel:131H26:029
M85894686;https://resolver.kb.nl/resolve?urn=EuropeanaTravel:131H26:028
M85894684;https://resolver.kb.nl/resolve?urn=EuropeanaTravel:131H26:027
M85894682;https://resolver.kb.nl/resolve?urn=EuropeanaTravel:131H26:026
M85894681;https://resolver.kb.nl/resolve?urn=EuropeanaTravel:131H26:025
M85894679;https://resolver.kb.nl/resolve?urn=EuropeanaTravel:131H26:024
M85894677;https://resolver.kb.nl/resolve?urn=EuropeanaTravel:131H26:023
M85894674;https://resolver.kb.nl/resolve?urn=EuropeanaTravel:131H26:022
M85894673;https://resolver.kb.nl/resolve?urn=EuropeanaTravel:131H26:021
M85877847;https://resolver.kb.nl/resolve?urn=EuropeanaTravel:131H26:020
M85877845;https://resolver.kb.nl/resolve?urn=EuropeanaTravel:131H26:019
M85877843;https://resolver.kb.nl/resolve?urn=EuropeanaTravel:131H26:018
M85877842;https://resolver.kb.nl/resolve?urn=EuropeanaTravel:131H26:017
M85877840;https://resolver.kb.nl/resolve?urn=EuropeanaTravel:131H26:015
M85877838;https://resolver.kb.nl/resolve?urn=EuropeanaTravel:131H26:014
M85877834;https://resolver.kb.nl/resolve?urn=EuropeanaTravel:131H26:013
M85877833;https://resolver.kb.nl/resolve?urn=EuropeanaTravel:131H26:012
M85877832;https://resolver.kb.nl/resolve?urn=EuropeanaTravel:131H26:011
M85877831;https://resolver.kb.nl/resolve?urn=EuropeanaTravel:131H26:010
M85877830;https://resolver.kb.nl/resolve?urn=EuropeanaTravel:131H26:009
M85877638;https://resolver.kb.nl/resolve?urn=EuropeanaTravel:131H26:008
M85877008;https://resolver.kb.nl/resolve?urn=EuropeanaTravel:131H26:007
M92397888;http://resolver.kb.nl/resolve?urn=EuropeanaTravel:133M117:038r
M92397886;http://resolver.kb.nl/resolve?urn=EuropeanaTravel:133M117:037r
M92397884;http://resolver.kb.nl/resolve?urn=EuropeanaTravel:133M117:036r
M92397881;http://resolver.kb.nl/resolve?urn=EuropeanaTravel:133M117:035r
M92397880;http://resolver.kb.nl/resolve?urn=EuropeanaTravel:133M117:034r
M92397879;http://resolver.kb.nl/resolve?urn=EuropeanaTravel:133M117:033r
M92397878;http://resolver.kb.nl/resolve?urn=EuropeanaTravel:133M117:032r
M92397876;http://resolver.kb.nl/resolve?urn=EuropeanaTravel:133M117:031v
M92397870;http://resolver.kb.nl/resolve?urn=EuropeanaTravel:133M117:031r
M92397869;http://resolver.kb.nl/resolve?urn=EuropeanaTravel:133M117:030r
M92397867;http://resolver.kb.nl/resolve?urn=EuropeanaTravel:133M117:029v
M92397866;http://resolver.kb.nl/resolve?urn=EuropeanaTravel:133M117:029r
M92397864;http://resolver.kb.nl/resolve?urn=EuropeanaTravel:133M117:028r
M92397859;http://resolver.kb.nl/resolve?urn=EuropeanaTravel:133M117:027v
M92397854;http://resolver.kb.nl/resolve?urn=EuropeanaTravel:133M117:027r
M92397851;http://resolver.kb.nl/resolve?urn=EuropeanaTravel:133M117:026r
M92397846;http://resolver.kb.nl/resolve?urn=EuropeanaTravel:133M117:025v
M92397840;http://resolver.kb.nl/resolve?urn=EuropeanaTravel:133M117:025r
M92397837;http://resolver.kb.nl/resolve?urn=EuropeanaTravel:133M117:024r
M92397828;http://resolver.kb.nl/resolve?urn=EuropeanaTravel:133M117:023r
M92397816;http://resolver.kb.nl/resolve?urn=EuropeanaTravel:133M117:022r
M92397813;http://resolver.kb.nl/resolve?urn=EuropeanaTravel:133M117:021v
M92397811;http://resolver.kb.nl/resolve?urn=EuropeanaTravel:133M117:021r
M92397807;http://resolver.kb.nl/resolve?urn=EuropeanaTravel:133M117:020r
M92397805;http://resolver.kb.nl/resolve?urn=EuropeanaTravel:133M117:019r
M92397801;http://resolver.kb.nl/resolve?urn=EuropeanaTravel:133M117:018r
M92397800;http://resolver.kb.nl/resolve?urn=EuropeanaTravel:133M117:017r
M92397799;http://resolver.kb.nl/resolve?urn=EuropeanaTravel:133M117:016v
M92397796;http://resolver.kb.nl/resolve?urn=EuropeanaTravel:133M117:016r
M92397796;http://resolver.kb.nl/resolve?urn=EuropeanaTravel:133M117:015v
M92397794;http://resolver.kb.nl/resolve?urn=EuropeanaTravel:133M117:015r
M92397791;http://resolver.kb.nl/resolve?urn=EuropeanaTravel:133M117:014v
M92397790;http://resolver.kb.nl/resolve?urn=EuropeanaTravel:133M117:014r
M92397786;http://resolver.kb.nl/resolve?urn=EuropeanaTravel:133M117:013r
M92397783;http://resolver.kb.nl/resolve?urn=EuropeanaTravel:133M117:012r
M92397781;http://resolver.kb.nl/resolve?urn=EuropeanaTravel:133M117:011r
M92397772;http://resolver.kb.nl/resolve?urn=EuropeanaTravel:133M117:010r
M92397770;http://resolver.kb.nl/resolve?urn=EuropeanaTravel:133M117:009r
M92397766;http://resolver.kb.nl/resolve?urn=EuropeanaTravel:133M117:008r
M92397759;http://resolver.kb.nl/resolve?urn=EuropeanaTravel:133M117:007v
M92397757;http://resolver.kb.nl/resolve?urn=EuropeanaTravel:133M117:007r
M92397755;http://resolver.kb.nl/resolve?urn=EuropeanaTravel:133M117:006v
M92397753;http://resolver.kb.nl/resolve?urn=EuropeanaTravel:133M117:006r
M92397749;http://resolver.kb.nl/resolve?urn=EuropeanaTravel:133M117:005r
M92397746;http://resolver.kb.nl/resolve?urn=EuropeanaTravel:133M117:004r
M92397739;http://resolver.kb.nl/resolve?urn=EuropeanaTravel:133M117:003r
M92397737;http://resolver.kb.nl/resolve?urn=EuropeanaTravel:133M117:002r
M92397734;http://resolver.kb.nl/resolve?urn=EuropeanaTravel:133M117:001v
M92397731;http://resolver.kb.nl/resolve?urn=EuropeanaTravel:133M117:001r
M86270608;http://resolver.kb.nl/resolve?urn=EuropeanaTravel:131H26:250
M85961103;http://resolver.kb.nl/resolve?urn=EuropeanaTravel:131H26:173
M85900219;http://resolver.kb.nl/resolve?urn=EuropeanaTravel:131H26:097
